order;Location;Province_State_country;Section;Region;OffPaleolong;OffPaleolat
1;Oman_Wadi_Maqam_3-5;Oman;Wadi_Maqam_3-5;Oman;52,0365979;-27,05066062
2;Oman_Wadi_Shuyab;Oman;Wadi_Shuyab;Oman;52,03378932;-27,03834035
3;Oman_Wadi_Wasit_Sud;Oman;Wadi_Wasit_Sud;Oman;54,36316696;-28,97691286
4;Oman_Sal;Oman;Sal;Oman;55,57557175;-29,98749654
5;Turkey_Curuk_dag;Turkey;Curuk_dag;EurS;29,89401893;-10,43019301
6;Turkey_NE_Bursa;Turkey;NE_Bursa;EurE;36,9369292;15,76514963
7;Oman_Buday_ah;Oman;Buday_ah;Oman;52,96622332;-28,18263328
8;Oman_Wasit_Block;Oman;Wasit_Block;Oman;54,3624823;-28,97036152
9;Oman_Jabal_Safra;Oman;Jabal_Safra;Oman;53,36817613;-29,34168768
10;Oman_Radio_Tower;Oman;Radio_Tower;Oman;54,33025224;-28,99031224
11;Oman_Wadi_Bani_Khalid;Oman;Wadi_Bani_Khalid;Oman;55,13355818;-29,49101392
12;Oman_Wadi_Musjah;Oman;Wadi_Musjah;Oman;54,29979435;-29,07917319
13;Oman_Jebel_Aweri;Oman;Jebel_Aweri;Oman;55,8222644;-29,78248508
14;Iran_Elika;Iran;Elika;Iran;43,31487796;1,901554012
15;Iran_Ruteh;Iran;Ruteh;Iran;43,54055861;1,730806188
16;Iran_Koh-e-Chah_Kaland;Iran;Koh-e-Chah_Kaland;Iran;46,52247442;-1,623827971
17;Iran_Haftad_Gholleh;Iran;Haftad_Gholleh;Iran;43,77234698;-0,108375053
18;Iran_Abadeh;Iran;Abadeh;Iran;47,43689354;-1,813008228
19;Iran_Abadeh_A-C-H;Iran;Abadeh_A-C-H;Iran;47,43868849;-1,818457691
20;Iran_Kuh-e-Hambast;Iran;Kuh-e-Hambast;Iran;47,26599761;-1,851283511
21;Iran_Mangol;Iran;Mangol;Iran;43,90358259;2,366730317
22;Iran_Emarat;Iran;Emarat;Iran;43,922839;2,324096856
23;Iran_Kuh-e-Ali_Bashi-2;Iran;Kuh-e-Ali_Bashi-2;Iran;37,92582272;1,913325963
24;Iran_Kuh-e-Ali_Bashi-1;Iran;Kuh-e-Ali_Bashi-1;Iran;37,92775714;1,913342999
25;Iran_PHV;Iran;PHV;Iran;47,46504039;-1,811362537
26;Iran_Shareeza;Iran;Shareeza;Iran;45,864222;-1,37134316
27;Iran_Zal;Iran;Zal;Iran;38,08435361;1,759326728
28;Iran_Baghuk;Iran;Baghuk;Iran;46,51710882;-1,604223822
29;Iran_Aras_Valley;Iran;Aras_Valley;Iran;37,8330396;1,948677412
30;Kazakhstan_Dolnapa;Kazakhstan;Dolnapa;Rus;50,26755526;25,64521134
31;Azerbaijan_Dorasham_II-3;Azerbaijan;Dorasham_II-3;Iran;37,88520028;1,959172337
32;Tajikistan_SE_Pamirs;Tajikistan;SE_Pamirs;Pam;65,94681893;37,30662829
33;China_Selong_Xishan;China;Selong_Xishan;Him;64,17367873;-51,59311476
34;China_Wenbudangsang;China;Wenbudangsang;PakN;62,7747385;-11,95696628
35;China_Gyirong;China;Gyirong;Him;63,61686687;-51,24036626
36;China_Tulong;China;Tulong;Him;64,3199503;-51,93550704
37;China_Dzaghar;China;Dzaghar;Him;65,40247894;-52,50677362
38;China_Qubu;China;Qubu;Him;64,88778212;-52,41942023
39;China_Zanda;China;Zanda;Him;61,48565155;-47,56176466
40;China_Longgar;China;Longgar;PakN;63,71308832;-13,31099514
41;China_Shemari;China;Shemari;PakN;69,54049795;-12,45089216
42;Pakistan_Wirokhun;Pakistan;Wirokhun;PakN;57,78488006;-5,043524004
43;Pakistan_Kundil_II;Pakistan;Kundil_II;PakN;57,77434188;-5,035512631
44;Pakistan_Sakirmul;Pakistan;Sakirmul;PakN;56,33484017;-5,014427629
45;Pakistan_Torman_Gol;Pakistan;Torman_Gol;PakN;62,52864326;-7,812283315
46;Pakistan_Kingriali;Pakistan;Kingriali;Him;55,71915015;-39,68482514
47;Pakistan_Landa;Pakistan;Landa;Him;56,64200343;-39,34754092
48;Pakistan_Wargal;Pakistan;Wargal;Him;56,67612077;-40,18223178
49;Pakistan_Kathwai-I;Pakistan;Kathwai-I;Him;56,81821335;-40,25366693
50;Pakistan_Kathwai-II;Pakistan;Kathwai-II;Him;56,872633;-40,25128237
51;Pakistan_Nammal;Pakistan;Nammal;Him;56,70699705;-39,98700441
52;Pakistan_Kuch-III;Pakistan;Kuch-III;Him;56,89493749;-39,51764803
53;Pakistan_Zaluch_Nala;Pakistan;Zaluch_Nala;Him;56,75562517;-39,86775256
54;Pakistan_Zaluch;Pakistan;Zaluch;Him;56,75552393;-39,86986885
55;Pakistan_Chhidru-B;Pakistan;Chhidru-B;Him;56,57719334;-40,04232952
56;Pakistan_Chhidru-A;Pakistan;Chhidru-A;Him;56,57159361;-40,04007277
57;Pakistan_Narmia;Pakistan;Narmia;Him;56,66241466;-39,38662076
58;Nepal_Thakkhola_1;Nepal;Thakkhola_1;Him;62,697433;-50,69525522
59;Nepal_Thinigaun;Nepal;Thinigaun;Him;62,13986298;-50,256157
60;Nepal_Tilicho;Nepal;Tilicho;Him;62,19712973;-50,36955985
61;Nepal_Col_noir;Nepal;Col_noir;Him;62,24787439;-50,43037676
62;Nepal_Manang;Nepal;Manang;Him;62,32573503;-50,50108154
63;Nepal_Braga;Nepal;Braga;Him;62,33668701;-50,52730609
64;Nepal_Thakkhola_2;Nepal;Thakkhola_2;Him;62,16636612;-50,28806928
65;Nepal_Tarap;Nepal;Tarap;Him;62,0024863;-49,63628932
66;Nepal_Atali_alta;Nepal;Atali_alta;Him;61,97490856;-49,6045966
67;Nepal_Atali_campo;Nepal;Atali_campo;Him;61,9986065;-49,60352831
68;Timor_leste_Manatuto_loc5;Timor_leste;Manatuto_loc5;Tim;121,5605264;2,17309497
69;Timor_leste_Manatuto_loc6;Timor_leste;Manatuto_loc6;Tim;122,0103426;2,007036067
70;Malaysia_Gua_Bama_sectionA;Malaysia;Gua_Bama_sectionA;Mal;102,8590018;-16,04808847
71;Malaysia_Gua_Bama_sectionB;Malaysia;Gua_Bama_sectionB;Mal;102,8586225;-16,04822818
72;Malaysia_Gua_Panjang;Malaysia;Gua_Panjang;Mal;102,7168436;-15,97431217
73;Malaysia_Gua_Sei_SectionA;Malaysia;Gua_Sei_SectionA;Mal;102,8487686;-16,02726364
74;Malaysia_Gua_Sei_SectionB;Malaysia;Gua_Sei_SectionB;Mal;102,8485983;-16,02785588
75;Malaysia_Gua_Sei_SectionC;Malaysia;Gua_Sei_SectionC;Mal;102,8483119;-16,02793672
76;Malaysia_Gua_Sei_SectionD;Malaysia;Gua_Sei_SectionD;Mal;102,8497766;-16,02763025
77;Malaysia_Gua_Sei_SectionE;Malaysia;Gua_Sei_SectionE;Mal;102,8494962;-16,02707111
78;Malaysia_Gua_Musang;Malaysia;Gua_Musang;Mal;101,6351433;-16,20863454
79;Malaysia_Cheroh;Malaysia;Cheroh;Mal;103,0998058;-16,2759399
80;Malaysia_Gunong_Keriang;Malaysia;Gunong_Keriang;Mal;100,2423222;-17,10006839
81;Malaysia_Bukit_Hantu;Malaysia;Bukit_Hantu;Mal;100,2000196;-17,00728105
82;Thailand_Phrao;Thailand;Phrao;Phr;87,15044525;-13,83495162
83;Vietnam_Bac_Thuy_KC02;Vietnam;Bac_Thuy_KC02;Chin;99,9806974;4,604476642
84;Vietnam_Lang_Son_loc-1;Vietnam;Lang_Son_loc-1;Chin;99,97999173;4,610393562
85;Vietnam_Lung_Cam;Vietnam;Lung_Cam;Chin;98,03174177;4,966155386
86;Vietnam_An_Chau_BT01;Vietnam;An_Chau_BT01;Chin;100,0035517;4,462885252
87;Vietnam_An_Chau_BT02;Vietnam;An_Chau_BT02;Chin;100,0036961;4,463434113
88;Vietnam_An_Chau_BT03;Vietnam;An_Chau_BT03;Chin;100,0014076;4,471510322
89;Vietnam_An_Chau_KC01;Vietnam;An_Chau_KC01;Chin;99,98380302;4,6055563
90;Vietnam_An_Chau_KC02;Vietnam;An_Chau_KC02;Chin;99,98353616;4,605464199
91;Vietnam_An_Chau_NT01;Vietnam;An_Chau_NT01;Chin;99,97579996;4,615603035
92;Vietnam_An_Chau_PK01;Vietnam;An_Chau_PK01;Chin;100,0099752;4,514247505
93;Vietnam_An_Chau_BR01;Vietnam;An_Chau_BR01;Chin;100,0305408;4,509634603
94;Vietnam_Son_La;Vietnam;Son_La;Chin;95,49491195;1,124783996
95;Vietnam_Bac_Thuy;Vietnam;Bac_Thuy;Chin;100,0057852;4,478081215
96;Russia_Zyryanka;Russia;Zyryanka;Zyr;-4,818050295;75,12648184
97;Russia_Sovkhoznaya;Russia;Sovkhoznaya;Rus;44,96074228;21,90644029
98;Russia_Vostochnaya;Russia;Vostochnaya;Rus;45,02771787;21,99546813
99;Russia_Zaterechnaya;Russia;Zaterechnaya;Rus;45,1121235;22,1136507
100;Russia_Tri_Kamnya_Cape;Russia;Tri_Kamnya_Cape;Pri;111,7093365;35,56258797
101;Russia_SMID;Russia;SMID;Pri;111,9209718;35,74603911
102;Russia_Abrek_Bay;Russia;Abrek_Bay;Pri;112,0378971;35,32303187
103;Russia_Dalnegorsk;Russia;Dalnegorsk;Pri;115,2635234;36,38636872
104;Russia_Kamenushka;Russia;Kamenushka;Pri;112,0587145;36,0215512
105;Russia_Artemovka;Russia;Artemovka;Pri;112,3045552;35,90186754
106;Russia_Golyi_Cape;Russia;Golyi_Cape;Pri;111,9156335;35,33153404
107;Russia_Ayax;Russia;Ayax;Pri;111,6023944;35,51633503
108;Russia_Tchernyschew_Bay;Russia;Tchernyschew_Bay;Pri;111,5740438;35,44532902
109;Russia_Kotelny;Russia;Kotelny;Lap;5,615008865;65,28648081
110;Russia_Verkhoyansk;Russia;Verkhoyansk;Lap;23,46706951;66,02764741
111;Russia_Nuucha-Urege;Russia;Nuucha-Urege;Lap;22,57692055;63,3100326
112;Russia_Istannach;Russia;Istannach;Lap;21,87881765;64,25749071
113;Russia_Taiion-Uiiolach;Russia;Taiion-Uiiolach;Lap;23,36631677;64,35410229
114;Russia_Nyykabyt;Russia;Nyykabyt;Lap;23,12994355;64,54148276
115;Japan_Taho_W01;Japan;Taho_W01;Jap;145;0
116;Japan_Tahokamigumi_2;Japan;Tahokamigumi_2;Jap;145;0
117;Japan_Taho_E01;Japan;Taho_E01;Jap;145;0
118;Japan_Taho_E02;Japan;Taho_E02;Jap;145;0
119;Japan_Taho_E03;Japan;Taho_E03;Jap;145;0
120;Japan_Taho_C02;Japan;Taho_C02;Jap;145;0
121;Japan_Oritate;Japan;Oritate;Jap;145;0
122;Japan_Kamura1;Japan;Kamura1;Jap;145;0
123;Japan_Enoura;Japan;Enoura;Jap;145;0
124;Japan_Ajiro_Island;Japan;Ajiro_Island;Jap;145;0
125;Japan_Kurusu;Japan;Kurusu;Jap;145;0
126;Japan_Gujo-Hachiman;Japan;Gujo-Hachiman;Jap;145;0
127;Japan_Ryozen;Japan;Ryozen;Jap;145;0
128;Japan_Mino_NF195;Japan;Mino_NF195;Jap;145;0
129;Japan_Mino_NF1212R;Japan;Mino_NF1212R;Jap;145;0
130;Japan_Akkamori-2;Japan;Akkamori-2;Jap;145;0
131;Japan_Ubara;Japan;Ubara;Jap;145;0
132;Japan_Hozukyo;Japan;Hozukyo;Jap;145;0
133;Japan_Ashitani;Japan;Ashitani;Jap;145;0
134;Japan_Ryugadake;Japan;Ryugadake;Jap;145;0
135;Japan_Tahokamigumi_1;Japan;Tahokamigumi_1;Jap;145;0
136;Japan_Kamura2;Japan;Kamura2;Jap;145;0
137;Japan_Kii;Japan;Kii;Jap;145;0
138;Japan_Kaizawa;Japan;Kaizawa;Jap;145;0
139;Japan_Ogama;Japan;Ogama;Jap;145;0
140;Japan_Tenjinmaru;Japan;Tenjinmaru;Jap;145;0
141;India_Khreuh;India;Khreuh;Him;60,32885584;-41,28582439
142;India_Mandakpal;India;Mandakpal;Him;60,32737443;-41,32307143
143;India_Lam;India;Lam;Him;60,41735532;-41,33805378
144;India_Guryul_Ravine1;India;Guryul_Ravine1;Him;60,29406825;-41,17193737
145;India_Guryul_Ravine2;India;Guryul_Ravine2;Him;60,302703;-41,17393224
146;India_Guryul_Ravine3;India;Guryul_Ravine3;Him;60,29953345;-41,17206457
147;India_Mud;India;Mud;Him;60,45859066;-44,51179805
148;India_Mud_M04;India;Mud_M04;Him;60,45859066;-44,51179805
149;India_Muth_M03;India;Muth_M03;Him;60,50375172;-44,55743738
150;India_Guling;India;Guling;Him;60,62436294;-44,53148891
151;India_Lingti;India;Lingti;Him;60,73480894;-44,49901594
152;India_Losar;India;Losar;Him;60,73011089;-44,01613829
153;India_Gechang;India;Gechang;Him;60,56696002;-44,43472187
154;India_Lalung;India;Lalung;Him;60,74620033;-44,50124541
155;India_Khar;India;Khar;Him;60,59852728;-44,53718148
156;China_Yiwagou;China;Yiwagou;Yiw;82,81511738;23,96851396
157;China_Pojue;China;Pojue;Chin;98,53899383;5,505012967
158;China_Dala;China;Dala;Chin;98,73415029;5,245303334
159;China_Ganxi;China;Ganxi;Chin;97,12033578;12,7612454
160;China_Jianshi;China;Jianshi;Chin;97,02559346;13,20199799
161;China_Jianzishan;China;Jianzishan;Chin;96,78080604;12,57090154
162;China_Chibi;China;Chibi;Chin;100,5570284;14,82036258
163;China_Zhijin;China;Zhijin;Chin;96,5856046;8,00802294
164;China_Mingtang;China;Mingtang;Chin;97,73686697;7,655776125
165;China_Changtanhe;China;Changtanhe;Chin;98,68406503;13,06884119
166;China_Gaohua;China;Gaohua;Chin;98,76086025;13,07267624
167;China_Daijiagou;China;Daijiagou;Chin;95,31862947;10,72297874
168;China_Bianyang;China;Bianyang;Chin;97,71123499;7,667195468
169;China_Wan_Tuo;China;Wan_Tuo;Chin;98,35233303;6,899098269
170;China_Wuzhuan;China;Wuzhuan;Chin;98,98669727;6,98770524
171;China_Guandao;China;Guandao;Chin;97,74093267;7,650126591
172;China_Zhongliangshan;China;Zhongliangshan;Chin;95,33578111;10,68193088
173;China_Meishan-A;China;Meishan-A;Chin;103,7261495;18,96333881
174;China_Meishan-quarry_Zhongxin-Dadui;China;Meishan-quarry_Zhongxin-Dadui;Chin;103,7314944;18,96391702
175;China_Meishan-D;China;Meishan-D;Chin;103,7264868;18,96727561
176;China_Zhongzhai;China;Zhongzhai;Chin;96,42409938;7,400144076
177;China_Xinmin;China;Xinmin;Chin;96,74103537;7,911575122
178;China_Dajiang;China;Dajiang;Chin;97,77817318;7,600737746
179;China_Panlongdong;China;Panlongdong;Chin;95,4286814;13,57310844
180;China_Jiarong;China;Jiarong;Chin;97,72635096;8,119812318
181;China_Daxiakou;China;Daxiakou;Chin;97,47419769;14,25373412
182;China_Yangou_2;China;Yangou_2;Chin;103,3250687;16,21609679
183;China_Yangou_1;China;Yangou_1;Chin;103,3365025;16,19914608
184;China_Gaimao;China;Gaimao;Chin;97,173673;8,372436115
185;China_Liangfengya;China;Liangfengya;Chin;95,28996175;10,71155426
186;China_Qingyan;China;Qingyan;Chin;97,36416169;8,267762999
187;China_Pingdingshan;China;Pingdingshan;Chin;102,0505479;18,39635645
188;China_Longtan;China;Longtan;Chin;102,5487342;19,44770539
189;China_Quingshan;China;Quingshan;Chin;102,8015571;19,52059111
190;China_Majiashan;China;Majiashan;Chin;102,0514444;18,3733721
191;China_Shangsi;China;Shangsi;Chin;92,83239777;12,06138274
192;China_Dawen;China;Dawen;Chin;97,92549568;7,717297804
193;China_Huangzhishan;China;Huangzhishan;Chin;104,0317613;18,99967667
194;China_Dongpan;China;Dongpan;Chin;100,4709815;5,462531384
195;China_Langpai;China;Langpai;Chin;97,92841444;7,647884904
196;China_Bozhou;China;Bozhou;Chin;96,73438442;9,257820379
197;China_Chaotian;China;Chaotian;Chin;93,09645201;12,99072584
198;China_Xiakou;China;Xiakou;Chin;98,17907339;14,77102378
199;China_Dongwan;China;Dongwan;Chin;95,0754721;11,80999756
200;China_Xifanli;China;Xifanli;Chin;100,952117;15,38168945
201;China_Taiping;China;Taiping;Chin;99,627751;6,3811007
202;China_Motlianling;China;Motlianling;Chin;99,28911757;6,034681626
203;China_Lilong;China;Lilong;Chin;98,07111324;7,0219227
204;China_Youping_cascade;China;Youping_cascade;Chin;98,05804861;7,028026776
205;China_Shanggang;China;Shanggang;Chin;98,13259149;6,943576548
206;China_Laren;China;Laren;Chin;98,50294594;6,9498434
207;China_Qiakong;China;Qiakong;Chin;98,09976761;8,197032572
208;China_Xikou;China;Xikou;Chin;95,16895872;15,21987168
209;Australia_Senecio-1;Australia;Senecio-1;Aus;83,36798846;-53,2269123
210;Australia_Corybas-1;Australia;Corybas-1;Aus;83,35380319;-53,17574312
211;Australia_Cunaloo-1;Australia;Cunaloo-1;Aus;88,52967664;-46,79838745
212;Australia_Fortescue_no1;Australia;Fortescue_no1;Aus;90,3319944;-46,29927431
213;Australia_Hope_Island;Australia;Hope_Island;Aus;87,92629622;-46,75308863
214;Australia_Onslow-1;Australia;Onslow-1;Aus;88,66139521;-46,56651269
215;New-Zealand_WHK1;New-Zealand;WHK1;NewZ;161,8635057;-71,61155926
216;New-Zealand_ARH-ARJ;New-Zealand;ARH-ARJ;NewZ;159,5870936;-69,7279772
217;New-Zealand_ARB;New-Zealand;ARB;NewZ;159,5865404;-69,728372
218;New-Zealand_ARD-ARE;New-Zealand;ARD-ARE;NewZ;159,5865853;-69,72859815
219;New-Zealand_ARF;New-Zealand;ARF;NewZ;159,5860756;-69,72888196
220;New-Zealand_ARG;New-Zealand;ARG;NewZ;159,5867258;-69,72874504
221;New-Zealand_Kaka_point;New-Zealand;Kaka_point;NewZ;170,1117688;-75,86016288
222;Italy_Bulla;Italy;Bulla;Adr;25,29407913;5,572958141
223;Italy_Tesero;Italy;Tesero;Adr;25,0420619;5,426321833
224;Italy_Ansiei;Italy;Ansiei;Adr;25,69124717;5,162398283
225;Italy_Casera_Federata;Italy;Casera_Federata;Adr;25,73021891;5,069239054
226;Italy_Agordo;Italy;Agordo;Adr;25,30307086;5,189191166
227;Italy_Col_di_Rioda;Italy;Col_di_Rioda;Adr;25,74381083;5,060457347
228;Italy_Strigno;Italy;Strigno;Adr;24,90138952;5,25596916
229;Italy_Vigo_di_Fassa3;Italy;Vigo_di_Fassa3;Adr;25,25831271;5,469323567
230;Italy_Vigo_di_Fassa2;Italy;Vigo_di_Fassa2;Adr;25,24159366;5,429099427
231;Italy_Vigo_di_Fassa1;Italy;Vigo_di_Fassa1;Adr;25,20111407;5,467967683
232;Italy_Capelluzzo;Italy;Capelluzzo;Adr;23,61583343;-0,942740226
233;Italy_Aronzo_Pelos;Italy;Aronzo_Pelos;Adr;25,67029757;5,140573039
234;Italy_Cencenighe;Italy;Cencenighe;Adr;25,32182093;5,265950906
235;Italy_Verla;Italy;Verla;Adr;24,77291279;5,493647682
236;Italy_Sotto;Italy;Sotto;Adr;25,42308892;5,168289484
237;Italy_Pietra_di_Saracini;Italy;Pietra_di_Saracini;Adr;20,39898112;-1,969056891
238;Italy_San_Calogero;Italy;San_Calogero;Adr;20,40033818;-1,974272534
239;Austria_Gartnerkofel;Austria;Gartnerkofel;Adr;26,16246504;4,819937339
240;Austria_Reppwand;Austria;Reppwand;Adr;26,16246504;4,819937339
241;Slovenia_Skopacnik;Slovenia;Skopacnik;Adr;26,41042849;3,773289234
242;Slovenia_Mokrice;Slovenia;Mokrice;Adr;26,96000215;3,224243316
243;Slovenia_Masore1;Slovenia;Masore1;Adr;26,19708645;4,131853047
244;Slovenia_Masore2;Slovenia;Masore2;Adr;26,19413227;4,131143994
245;Slovenia_Lukac;Slovenia;Lukac;Adr;26,23334616;4,092536075
246;Slovenia_Ziri_Sortinica;Slovenia;Ziri_Sortinica;Adr;26,23461424;4,06010345
247;Slovenia_Ziri_Vrznik;Slovenia;Ziri_Vrznik;Adr;26,23753919;4,052884356
248;Slovenia_Ziri_road_cut;Slovenia;Ziri_road_cut;Adr;26,22937638;4,060877244
249;Slovenia_Krkoc;Slovenia;Krkoc;Adr;26,2097894;4,109432841
250;Slovenia_Golob;Slovenia;Golob;Adr;26,20737176;4,114015406
251;Slovenia_Studorski_preval;Slovenia;Studorski_preval;Adr;26,32473236;4,396103174
252;Slovenia_Trzic;Slovenia;Trzic;Adr;26,56724931;4,212275464
253;Slovenia_Zelin_Vrlejca;Slovenia;Zelin_Vrlejca;Adr;26,19768161;4,174940718
254;Slovenia_Tehovec;Slovenia;Tehovec;Adr;26,42654355;3,996302742
255;Croatia_Plavno;Croatia;Plavno;Adr;26,15494295;1,673636581
256;Bosnia_Herzegovina_Bosansko_Grahovo;Bosnia_Herzegovina;Bosansko_Grahovo;Adr;26,25875487;1,641719082
257;Bosnia_Herzegovina_Teocak;Bosnia_Herzegovina;Teocak;Adr;29,83101786;-2,175873326
258;Croatia_Zelovo;Croatia;Zelovo;Adr;26,1282547;1,194563818
259;Bosnia_Herzegovina_Bravnice;Bosnia_Herzegovina;Bravnice;Adr;26,82955852;1,305998945
260;Croatia_Skolski_Brijeg;Croatia;Skolski_Brijeg;Adr;26,12017089;3,295902039
261;Croatia_Zelin_Crnoluski;Croatia;Zelin_Crnoluski;Adr;26,14251825;3,302213611
262;Serbia_Sitaricka_Glavica;Serbia;Sitaricka_Glavica;Adr;29,98217944;-2,769835139
263;Serbia_Krivi_potok;Serbia;Krivi_potok;Adr;29,85753156;-2,388817321
264;Serbia_Komiric;Serbia;Komiric;Adr;29,99719757;-2,545809274
265;Greece_Chios_A-C;Greece;Chios_A-C;EurE;35,97620418;12,91294321
266;Greece_Chios;Greece;Chios;EurE;35,98253236;12,91177275
267;Greece_Adami;Greece;Adami;EurS;26,51757079;-6,703948686
268;Greece_Marathovouno;Greece;Marathovouno;EurE;35,98155737;12,90089903
269;Bulgaria_Ajvadzikdere;Bulgaria;Ajvadzikdere;EurE;40;15
270;Romania_Desli_Caira;Romania;Desli_Caira;EurE;35,28695267;16,34636066
271;Romania_Dealul_Pietros1;Romania;Dealul_Pietros1;EurE;35,3809173;16,32883575
272;Hungary_Balvani_North;Hungary;Balvani_North;Adr;32,839207;-0,126383049
273;Hungary_Balvani_East;Hungary;Balvani_East;Adr;32,83985552;-0,126409421
274;Hungary_Gerennavar;Hungary;Gerennavar;Adr;32,80663575;-0,11199239
275;Norway_Svalis_Dome;Norway;Svalis_Dome;Spi;15,77157465;38,88330199
276;Norway_Botneheia;Norway;Botneheia;Spi;10,26855719;42,24932703
277;Norway_Lusitaniadalen;Norway;Lusitaniadalen;Spi;10,42005879;42,235337
278;Norway_Skorkapp;Norway;Skorkapp;Spi;11,13109303;40,91374225
279;Norway_Van_Keulenfjorden_1;Norway;Van_Keulenfjorden_1;Spi;10,40803268;41,39091788
280;Norway_Van_Keulenfjorden_2;Norway;Van_Keulenfjorden_2;Spi;10,44988032;41,43731014
281;Norway_Van_Keulenfjorden_3;Norway;Van_Keulenfjorden_3;Spi;10,45482101;41,43174295
282;Mexico_El_Antimonio;Mexico;El_Antimonio;USA;-41,3348187;3,319782863
283;Mexico_El_Marmol;Mexico;El_Marmol;USA;-44,06117289;5,439014018
284;USA_Prida;USA;Prida;USA;-41,93301298;12,92049435
285;USA_Fossil_Hill;USA;Fossil_Hill;USA;-42,01564235;12,00809371
286;USA_John_Brown_Canyon;USA;John_Brown_Canyon;USA;-42,01768706;12,31056733
287;USA_Lower_Boone_Spring;USA;Lower_Boone_Spring;USA;-40,92471466;13,16407891
288;USA_Long_Canyon_A;USA;Long_Canyon_A;USA;-40,09440857;13,85725099
289;USA_Long_Canyon_B;USA;Long_Canyon_B;USA;-40,0943315;13,85716793
290;USA_Cedar;USA;Cedar;USA;-41,11635482;10,02011933
291;USA_Weber_River;USA;Weber_River;USA;-38,85058615;12,87059708
292;USA_Terrace1;USA;Terrace1;USA;-39,54458947;13,50235453
293;USA_Terrace2;USA;Terrace2;USA;-39,56035584;13,48543558
294;USA_Terrace3;USA;Terrace3;USA;-39,54578478;13,50910905
295;USA_Terrace4;USA;Terrace4;USA;-39,57291131;13,48300953
296;USA_Wasatch_Mountains;USA;Wasatch_Mountains;USA;-38,77178232;12,36156662
297;USA_Meadow_Creek;USA;Meadow_Creek;USA;-39,82195924;14,0673983
298;USA_Union_Wash;USA;Union_Wash;USA;-43,6723375;8,823419384
299;USA_Darwin;USA;Darwin;USA;-43,55344084;8,270774232
300;USA_Bear_Lake;USA;Bear_Lake;USA;-37,78816368;13,75540356
301;USA_Sublett_Reservoir;USA;Sublett_Reservoir;USA;-38,96505916;14,17320838
302;USA_South_Chapin_Mountain;USA;South_Chapin_Mountain;USA;-38,9931572;14,32300649
303;USA_Carlson_Canyon;USA;Carlson_Canyon;USA;-39,842839;14,27504856
304;USA_Albion_Range_Declo;USA;Albion_Range_Declo;USA;-39,2723488;14,53138413
305;USA_Bear_Lake_Hot_Spring;USA;Bear_Lake_Hot_Spring;USA;-37,84104079;13,37677467
306;USA_Garfield_Canyon;USA;Garfield_Canyon;USA;-37,64660571;16,46397661
307;USA_Wheetip_Creek;USA;Wheetip_Creek;USA;-37,92253392;16,24368185
308;USA_Montpelier_Canyon;USA;Montpelier_Canyon;USA;-37,77425209;13,55875639
309;USA_Big_Sheep;USA;Big_Sheep;USA;-36,87843969;14,49358881
310;USA_Chulitna;USA;Chulitna;Chu;-65,45461193;11,17970582
311;Greenland_Oksedal;Greenland;Oksedal;Gre;12,21240351;29,43746569
312;Greenland_Schuchert_Dal;Greenland;Schuchert_Dal;Gre;12,20131428;29,00300449
313;Canada_Toad_River;Canada;Toad_River;Alb;-31,802732;31,70496752
314;Canada_Chowade_River;Canada;Chowade_River;Alb;-33,03292691;29,14288365
315;Canada_Talisman_Altares;Canada;Talisman_Altares;Alb;-32,72196963;28,25657201
316;Canada_Shell_Groundbirch;Canada;Shell_Groundbirch;Alb;-32,65668052;27,75639841
317;Canada_Talisman_Groundbirch;Canada;Talisman_Groundbirch;Alb;-32,73557304;27,74486589
318;Canada_Core_C-65-F_94-B-8;Canada;Core_C-65-F_94-B-8;Alb;-32,82038458;28,3399706
319;Canada_Jesmond;Canada;Jesmond;Bri;-48,20656423;18,54421426
320;Canada_Prcupine_Creek;Canada;Prcupine_Creek;Bri;-48,1380424;18,39686561
321;Canada_Pavilion_Mountain3;Canada;Pavilion_Mountain3;Bri;-48,06410076;18,25095815
322;Canada_Marble_Canyon;Canada;Marble_Canyon;Bri;-48,06989839;18,09478542
323;Canada_Jesmond-4;Canada;Jesmond-4;Bri;-48,17272474;18,59771346
324;Canada_Jesmond_Unknown;Canada;Jesmond_Unknown;Bri;-48,17481735;18,58852608
325;Canada_Cornwall_Hills;Canada;Cornwall_Hills;Bri;-47,94876313;17,95830423
326;Canada_Kelly_Lake;Canada;Kelly_Lake;Bri;-49,86696154;23,33153214
327;Canada_Kloch_Lake;Canada;Kloch_Lake;Bri;-49,61942669;22,5818937
328;Canada_Necoslie;Canada;Necoslie;Bri;-49,18866211;21,85902997
329;Canada_Takatoot_Lake;Canada;Takatoot_Lake;Bri;-49,66157242;22,65343153
330;Canada_Ogden_Creek;Canada;Ogden_Creek;Bri;-49,20590009;21,89953956
331;Canada_Stikinia;Canada;Stikinia;Bri;-53,07317571;25,49465302
332;Canada_Ganoid_Ridge_A;Canada;Ganoid_Ridge_A;Alb;-36,57760115;27,78180687
333;Canada_Ganoid_Ridge_F;Canada;Ganoid_Ridge_F;Alb;-36,57612316;27,79096354
334;Canada_Ganoid_Ridge_C;Canada;Ganoid_Ridge_C;Alb;-36,57400672;27,78633691
335;Canada_Ganoid_Ridge_E;Canada;Ganoid_Ridge_E;Alb;-36,56036319;27,7442471
336;Canada_Ganoid_Ridge_D;Canada;Ganoid_Ridge_D;Alb;-36,57709095;27,76850156
337;Canada_Intanis;Canada;Intanis;Alb;-36,63932028;27,50422652
338;Canada_Mokasis_Mountain;Canada;Mokasis_Mountain;Alb;-36,58346577;27,44753495
339;Canada_Meosin_Mountain;Canada;Meosin_Mountain;Alb;-36,52842988;27,44571313
340;Canada_Ochak;Canada;Ochak;Alb;-36,58162595;27,55583084
341;Canada_Ganoid_Ridge_North_D;Canada;Ganoid_Ridge_North_D;Alb;-36,57690423;27,77834859
342;Canada_Progress_Hz_Caribou;Canada;Progress_Hz_Caribou;Alb;-32,25652482;29,43819175
343;Canada_Progress_HZ_Laprise;Canada;Progress_HZ_Laprise;Alb;-32,05952904;29,13622546
344;Canada_Mount_Becker;Canada;Mount_Becker;Alb;-36,52391872;27,75316404
345;Canada_Location4;Canada;Location4;Alb;-32,06381285;28,1808068
346;Canada_Location5;Canada;Location5;Alb;-31,43765121;26,37302049
347;Canada_Location6;Canada;Location6;Alb;-31,64839945;26,11929085
348;Canada_Opal_Creek;Canada;Opal_Creek;Alb;-35,9673814;22,54378219
349;Canada_7-9-69-1W6M;Canada;7-9-69-1W6M;Alb;-31,55279234;26,20244371
350;Canada_12-3-68-24W5M;Canada;12-3-68-24W5M;Alb;-31,41787347;25,99426982
351;Canada_6-36-68-21W5M;Canada;6-36-68-21W5M;Alb;-31,16716327;25,88452881
352;Canada_3-30-67-26W5M;Canada;3-30-67-26W5M;Alb;-31,55751871;26,07331216
353;Canada_10-4-67-23W5M;Canada;10-4-67-23W5M;Alb;-31,38023324;25,90310394
354;Canada_7-32-66-23W5M;Canada;7-32-66-23W5M;Alb;-31,42337404;25,89366831
355;Canada_11-34-65-22W5M;Canada;11-34-65-22W5M;Alb;-31,38380185;25,80529558
356;Canada_12-34-81-1W6;Canada;12-34-81-1W6;Alb;-30,86344217;26,91734641
357;Canada_6-3-76-12W6;Canada;6-3-76-12W6;Alb;-32,17211966;27,42997396
358;Canada_7-29-72-8W6;Canada;7-29-72-8W6;Alb;-32,03705628;26,55834128
359;Canada_6-20-74-7W6;Canada;6-20-74-7W6;Alb;-31,8201709;26,55055048
360;Canada_8-28-74-7W6;Canada;8-28-74-7W6;Alb;-31,83876073;26,64518928
361;Canada_14-25-74-7W6;Canada;14-25-74-7W6;Alb;-31,79176476;26,64333688
362;Canada_4-8-74-5W6;Canada;4-8-74-5W6;Alb;-31,95852962;26,36808032
363;Canada_15-34-77-1W6;Canada;15-34-77-1W6;Alb;-31,1194078;26,67531966
364;Canada_6-19-78-25W5;Canada;6-19-78-25W5;Alb;-31,06514073;26,67757709
365;Canada_4-15-76-2W6;Canada;4-15-76-2W6;Alb;-31,3001476;26,63963153
366;Canada_6-9-75-8W6;Canada;6-9-75-8W6;Alb;-31,87637533;26,77329857
367;Canada_11-18-75-7W6;Canada;11-18-75-7W6;Alb;-31,777955;26,75617162
368;Canada_16-27-76-11W6;Canada;16-27-76-11W6;Alb;-32,02498926;27,43194705
369;Canada_1-30-85-23W5;Canada;1-30-85-23W5;Alb;-30,54661849;26,99002943
370;Canada_12-24-74-11W6;Canada;12-24-74-11W6;Alb;-32,06644164;26,87472897
371;Canada_Mackenzie;Canada;Mackenzie;Alb;-32,47524698;24,12003821
372;Canada_Lindstroem_Creek;Canada;Lindstroem_Creek;Ell;-1,457198546;41,15218241
373;Canada_Spath_Creek2;Canada;Spath_Creek2;Ell;-1,620398872;41,05714786
374;Canada_Spath_Creek1;Canada;Spath_Creek1;Ell;-1,608359212;41,02469815
375;Canada_Diener_Creek;Canada;Diener_Creek;Ell;-1,48626117;41,01845485
376;Canada_Sverdrup;Canada;Sverdrup;Ell;-2,843629688;38,78248865
377;Canada_Smith_Creek;Canada;Smith_Creek;Ell;-1,523908515;40,76985989
378;Canada_Otto_Fiord;Canada;Otto_Fiord;Ell;-0,74209458;40,82180189
379;Canada_West_Blind_Fiord;Canada;West_Blind_Fiord;Ell;-3,330307383;38,65795317
380;Canada_Jones_Lake;Canada;Jones_Lake;Alb;-34,04162749;37,02451799
381;Canada_Jones_Lake_20b;Canada;Jones_Lake_20b;Alb;-34,06142258;37,02434115
